{
  "Total" : {
    "transaction" : "Total",
    "sampleCount" : 20,
    "errorCount" : 0,
    "errorPct" : 0.0,
    "meanResTime" : 3648.600000000001,
    "medianResTime" : 3374.5,
    "minResTime" : 405.0,
    "maxResTime" : 7231.0,
    "pct1ResTime" : 6984.900000000001,
    "pct2ResTime" : 7219.95,
    "pct3ResTime" : 7231.0,
    "throughput" : 1.7102787754403967,
    "receivedKBytesPerSec" : 1514.8400087651787,
    "sentKBytesPerSec" : 0.19708290576363946
  },
  "HTTP Request" : {
    "transaction" : "HTTP Request",
    "sampleCount" : 20,
    "errorCount" : 0,
    "errorPct" : 0.0,
    "meanResTime" : 3648.600000000001,
    "medianResTime" : 3374.5,
    "minResTime" : 405.0,
    "maxResTime" : 7231.0,
    "pct1ResTime" : 6984.900000000001,
    "pct2ResTime" : 7219.95,
    "pct3ResTime" : 7231.0,
    "throughput" : 1.7102787754403967,
    "receivedKBytesPerSec" : 1514.8400087651787,
    "sentKBytesPerSec" : 0.19708290576363946
  }
}